{"cameraMode":{"drawMode":0,"name":"Shaded","section":"Shading Mode"},"sceneLighting":false,"audioPlay":false,"sceneViewState":{"showFog":true,"showMaterialUpdate":false,"showSkybox":false,"showFlares":true,"showImageEffects":true,"showParticleSystems":true},"in2DMode":false,"pivot":{"x":0.00025779008865356445,"y":0.9544851779937744,"z":0.020132511854171754},"rotation":{"x":-0.000852283148560673,"y":0.9791924953460693,"z":-0.2028905302286148,"w":-0.0041125803254544739},"size":4.34510612487793,"orthographic":false}