{"cameraMode":{"drawMode":0,"name":"Shaded","section":"Shading Mode"},"sceneLighting":false,"audioPlay":false,"sceneViewState":{"showFog":true,"showMaterialUpdate":false,"showSkybox":false,"showFlares":true,"showImageEffects":true,"showParticleSystems":true},"in2DMode":false,"pivot":{"x":0.0002575516700744629,"y":0.960729718208313,"z":0.020132631063461305},"rotation":{"x":-0.021220890805125238,"y":0.9720136523246765,"z":-0.09685015678405762,"w":-0.2129770666360855},"size":2.528010606765747,"orthographic":false}